<?xml version="1.0" encoding="UTF-8"?>
<metadata>
	<idinfo>
		<citation>
			<citeinfo>
				<origin>Tele Atlas North America, Inc.</origin>
				<origin>Environmental Systems Research Institute (Redlands, Calif.)</origin>
				<pubdate>20070501</pubdate>
				<title>U.S. ZIP Code Points : ESRI Data &amp; Maps 2007</title>
				<edition>2007</edition>
				<geoform>vector digital data</geoform>
				<serinfo>
					<sername>ESRI Data &amp; Maps</sername>
					<issue>2007 World, Europe, United States, Canada, and Mexico</issue>
				</serinfo>
				<pubinfo>
					<pubplace>Redlands, California, USA</pubplace>
					<publish>ESRI</publish>
				</pubinfo>
				<othercit>Location: ESRI data &amp; maps 2007 \usa\census</othercit>
				<onlink>http://hgl.harvard.edu:8080/HGL/jsp/HGL.jsp?action=VColl&amp;VCollName=ESRI07USZIP_USA</onlink>
			</citeinfo>
		</citation>
		<descript>
			<abstract>U.S. ZIP Code Points represents the five-digit U.S. ZIP Code areas as points by placing their location using delivery-based centroids, plus all ZIP Codes that have no area and are represented as points rather than areas such as post office box ZIP Codes and unique ZIP Codes (single site, building, or organization).</abstract>
			<purpose>U.S. ZIP Code Points provides the post office name, types, and area for each ZIP Code location in the United States.</purpose>
			<supplinf>Largest scale when displaying the data: 1:100,000.</supplinf>
		</descript>
		<timeperd>
			<timeinfo>
				<mdattim>
					<sngdate>
						<caldate>200701</caldate>
					</sngdate>
					<sngdate>
						<caldate>200611</caldate>
					</sngdate>
					<sngdate>
						<caldate>20070606</caldate>
					</sngdate>
				</mdattim>
			</timeinfo>
			<current>publication date: 200701, 20070606; ground condition: 200611,</current>
		</timeperd>
		<status>
			<progress>Complete</progress>
			<update>Annually</update>
		</status>
		<spdom>
			<bounding>
				<westbc>-176.696545</westbc>
				<eastbc>-66.988245</eastbc>
				<northbc>70.638648</northbc>
				<southbc>19.081264</southbc>
			</bounding>
		</spdom>
		<keywords>
			<theme>
				<themekt>LCSH</themekt>
				<themekey>Zip codes</themekey>
				<themekey>Postal service</themekey>
			</theme>
			<theme>
				<themekt>ISO 19115 Topic Category</themekt>
				<themekey>location</themekey>
				<themekey>society</themekey>
			</theme>
			<theme>
				<themekt>None</themekt>
				<themekey>point</themekey>
				<themekey>zip codes</themekey>
				<themekey>locations</themekey>
				<themekey>five-digit zip codes</themekey>
				<themekey>post offices</themekey>
				<themekey>enclosing zip codes</themekey>
				<themekey>population</themekey>
			</theme>
			<place>
				<placekt>LCSH</placekt>
				<placekey>United States</placekey>
			</place>
			<temporal>
				<tempkt>None</tempkt>
				<tempkey>2006</tempkey>
				<tempkey>2007</tempkey>
			</temporal>
		</keywords>
		<accconst>Access granted to Licensee only.</accconst>
		<useconst>The data are provided under the Harvard University Site License.  These data must be used in compliance with the Site License.  This means that the data are only available for Harvard Affiliates for use on Harvard owned computers.  The data are provided by multiple, third party data vendors under license to ESRI for inclusion on ESRI Data &amp; Maps for use with ESRI software.  Each data vendor has its own data licensing policies and may grant varying redistribution rights to end users. Please consult the redistribution rights below for this data set provided on ESRI Data &amp; Maps. As used herein, "Geodata" shall mean any digital data set consisting of geographic data coordinates and associated attributes.The redistribution rights for this data set: Redistribution rights are granted by the data vendor for hard-copy renditions or static, electronic map images (e.g. .gif, .jpeg, etc.) that are plotted, printed, or publicly displayed with proper metadata and source/copyright attribution to the respective data vendor(s).  Geodata is redistributable with a Value-Added Software Application developed by ESRI Business Partners on a royalty-free basis with proper metadata and source/copyright attribution to the respective data vendor(s).[Applicable to the ESRI source only]-In addition to the redistribution rights above, geodata is redistributable without a Value-Added Software Application (i.e., adding the sample data to an existing, [non]commercial data set for redistribution) with proper metadata and source/copyright attribution to the respective data vendor(s).The terms and conditions below apply to all the data sets provided on ESRI Data &amp; Maps.Proprietary Rights and Copyright: Licensee acknowledges that the Data and Related Materials contain proprietary and confidential property of ESRI and its licensor(s). The Data and Related Materials are owned by ESRI and its licensor(s) and are protected by United States copyright laws and applicable international copyright treaties and/or conventions.Limited Warranty and Disclaimer: ESRI warrants that the media upon which the Data and Related Materials are provided will be free from defects in materials and workmanship under normal use and service for a period of ninety (90) days from the date of receipt.THE DATA AND RELATED MATERIALS ARE EXCLUDED FROM THE LIMITED WARRANTY, AND THE LICENSEE EXPRESSLY ACKNOWLEDGES THAT THE DATA CONTAINS SOME NONCONFORMITIES, DEFECTS, OR ERRORS. ESRI DOES NOT WARRANT THAT THE DATA WILL MEET LICENSEE'S NEEDS OR EXPECTATIONS; THAT THE USE OF THE DATA WILL BE UNINTERRUPTED; OR THAT ALL NONCONFORMITIES, DEFECTS, OR ERRORS CAN OR WILL BE CORRECTED. ESRI IS NOT INVITING RELIANCE ON THIS DATA, AND THE LICENSEE SHOULD ALWAYS VERIFY ACTUAL DATA.EXCEPT FOR THE LIMITED WARRANTY SET FORTH ABOVE, THE DATA AND RELATED MATERIALS CONTAINED THEREIN ARE PROVIDED "AS-IS," WITHOUT WARRANTY OF ANY KIND, EITHER EXPRESS OR IMPLIED, INCLUDING, BUT NOT LIMITED TO, THE IMPLIED WARRANTIES OF MERCHANTABILITY AND FITNESS FOR A PARTICULAR PURPOSE.HIGH RISK ACTIVITIES: (A) THE DATA AND RELATED MATERIALS ARE NOT FAULT-TOLERANT AND ARE NOT DESIGNED, MANUFACTURED, OR INTENDED FOR USE OR RESALE FOR INSURANCE UNDERWRITING OR WITH CRITICAL HEALTH AND SAFETY OR ONLINE CONTROL EQUIPMENT IN HAZARDOUS ENVIRONMENTS THAT REQUIRE FAIL-SAFE PERFORMANCE, INCLUDING, BUT NOT LIMITED TO THE OPERATION OF NUCLEAR FACILITIES, NAVIGATION OR GUIDANCE (I.E., AIRCRAFT, NAUTICAL VEHICLE, ETC.), OR COMMUNICATION SYSTEMS, AIR TRAFFIC CONTROL, EMERGENCY RESPONSE, TERRORISM PREVENTION OR RESPONSE, LIFE SUPPORT, OR WEAPONS SYSTEMS ("HIGH RISK ACTIVITIES"). ESRI SPECIFICALLY DISCLAIMS ANY EXPRESS OR IMPLIED WARRANTY OF FITNESS FOR HIGH RISK ACTIVITIES.(B) TO THE EXTENT PERMITTED BY LAW, LICENSEE AGREES TO INDEMNIFY, DEFEND, AND HOLD ESRI, ITS OFFICERS, DIRECTORS, EMPLOYEES, AGENTS, SUBCONTRACTORS, LICENSORS, SUCCESSORS, AND ASSIGNS HARMLESS FROM AND AGAINST ANY AND ALL LIABILITY, LOSSES, CLAIMS, EXPENSES (INCLUDING ATTORNEYS' FEES), DEMANDS, OR DAMAGES OF ANY KIND, INCLUDING DIRECT, INDIRECT, SPECIAL, PUNITIVE, INCIDENTAL, OR CONSEQUENTIAL DAMAGES, ARISING OUT OF OR IN ANY WAY CONNECTED WITH LICENSEE'S USE OR PERMITTING THE USE BY OTHERS OF THE DATA, AND VENDOR'S HARDWARE OR SOFTWARE FOR HIGH RISK ACTIVITIES. DELIVERY OF THE DATA, AND VENDOR'S HARDWARE OR SOFTWARE DOES NOT CONSTITUTE A WAIVER OF THE RIGHTS AND OBLIGATIONS SET FORTH IN THIS ARTICLE.Exclusive Remedy and Limitation of Liability: The entire liability of ESRI or its licensor(s) and Licensee's exclusive remedy shall be to terminate the Agreement upon Licensee returning the Data and Related Materials to ESRI with a copy of Licensee's invoice/receipt and ESRI returning the license fees paid to Licensee.IN NO EVENT SHALL ESRI AND/OR ITS LICENSOR(S) BE LIABLE FOR COSTS OF PROCUREMENT OF SUBSTITUTE GOODS OR SERVICES; LOST PROFITS, LOST SALES, OR BUSINESS EXPENDITURES, INVESTMENTS, OR COMMITMENTS IN CONNECTION WITH ANY BUSINESS; LOSS OF ANY GOODWILL; OR FOR ANY INDIRECT, SPECIAL, INCIDENTAL, EXEMPLARY, OR CONSEQUENTIAL DAMAGES ARISING OUT OF THIS AGREEMENT OR USE OF THE DATA AND RELATED MATERIALS, HOWEVER CAUSED, ON ANY THEORY OF LIABILITY, AND WHETHER OR NOT ESRI OR ITS LICENSOR(S) HAVE BEEN ADVISED OF THE POSSIBILITY OF SUCH DAMAGE. THESE LIMITATIONS SHALL APPLY NOTWITHSTANDING ANY FAILURE OF ESSENTIAL PURPOSE OF ANY EXCLUSIVE REMEDY.Third Party Beneficiary: ESRI's licensor(s) has (have) authorized ESRI to (sub)distribute and (sub)license its (their) data as incorporated into the Data and Related Materials. As an intended third party beneficiary to this Agreement, the ESRI licensor(s) is (are) entitled to directly enforce, in its own name, the rights and obligations undertaken by the Licensee and to seek all legal and equitable remedies as are afforded to ESRI.In the event that the data vendor(s) has (have) granted the end user permission to redistribute the Geodata, please use proper proprietary or copyright attribution for the various data vendor(s), and provide the associated metadata file(s) with the Geodata. In compliance with FGDC metadata standards, ESRI has attempted to practice proper metadata methodologies by providing any data source information, descriptions, and file names to assist in this effort.</useconst>
		<ptcontac>
			<cntinfo>
				<cntorgp>
					<cntorg>ESRI</cntorg>
					<cntper>Data Team</cntper>
				</cntorgp>
				<cntaddr>
					<addrtype>mailing and physical address</addrtype>
					<address>380 New York Street</address>
					<city>Redlands</city>
					<state>California</state>
					<postal>92373-8100</postal>
					<country>USA</country>
				</cntaddr>
				<cntvoice>909-793-2853</cntvoice>
				<cntfax>909-793-5953</cntfax>
				<cntemail>info@esri.com</cntemail>
				<hours>7:00 a.m.-5:30 p.m. Pacific time, Monday-Friday</hours>
				<cntinst>In the United States-Please direct all inquiries regarding software/data pricing and consulting services to your local ESRI Regional Office.  For support, you may contact Technical Support by telephone (voice) between 6:00 a.m. and 5:00 p.m. Pacific time, Monday through Friday, by dialing 888-377-4575; facsimile (fax) available at 909-792-0960; electronic mail (e-mail) support@esri.com; or visit http://support.esri.com; ESRI holidays excluded. Outside the United States-Please direct all inquiries regarding software/data pricing, sales, support, and consulting services to your local ESRI International Distributor.  This information can be found at http://gis.esri.com/intldist/contactint.cfm.  For other questions or comments, you may contact ESRI headquarters by e-mail, telephone, or fax or write to us.</cntinst>
			</cntinfo>
		</ptcontac>
		<datacred>United States Postal Service</datacred>
		<native>Microsoft Windows XP Version 5.1 (Build 2600) Service Pack 2; ESRI ArcCatalog 9.2.2.1350</native>
	</idinfo>
	<dataqual>
		<logic>The shapefile is converted to SDC (Smart Data Compression) format using either ESRI SDC Data Development Kit Professional 2 (DDKP2) or tools in ArcGIS.  The SDC data set is then loaded into ArcSDE to verify and validate the geometry.</logic>
		<complete>After processing, the data set is checked for drawing display and number of records and file sizes compared with source materials.</complete>
		<posacc>
			<horizpa>
				<horizpar>The geospatial part of this data set was extracted from many sources. Most locations are based on Census 2000 TIGER/Line files, processed to improve their accuracy and then placed as points based on the actual distribution of deliveries within each ZIP code polygon. Due to the different sources and methods used, the horizontal accuracy is unknown.</horizpar>
			</horizpa>
		</posacc>
		<lineage>
			<srcinfo>
				<srccite>
					<citeinfo>
						<origin>Tele Atlas North America, Inc.</origin>
						<pubdate>200701</pubdate>
						<title>Dynamap/ZIP Code Boundary &amp; Inventory Files</title>
						<edition>Version 15.0</edition>
						<geoform>vector digital data</geoform>
						<serinfo>
							<sername>Tele Atlas Dynamap/ZIP Code Boundary &amp; Inventory Files</sername>
							<issue>Version 15.0</issue>
						</serinfo>
						<pubinfo>
							<pubplace>Lebanon, New Hampshire, USA</pubplace>
							<publish>Tele Atlas North America, Inc.</publish>
						</pubinfo>
						<othercit>Product currentness date: November 2006. The boundary portion of this product is a Tele Atlas cartographic representation of USPS street delivery information. It is based on current data from the USPS and the Tele Atlas comprehensive street database.</othercit>
						<onlink>http://www.teleatlas.com/</onlink>
					</citeinfo>
				</srccite>
				<typesrc>DVD-ROM</typesrc>
				<srctime>
					<timeinfo>
						<mdattim>
							<sngdate>
								<caldate>200701</caldate>
							</sngdate>
							<sngdate>
								<caldate>200611</caldate>
							</sngdate>
						</mdattim>
					</timeinfo>
					<srccurr>publication date: 200701; ground condition: 200611</srccurr>
				</srctime>
				<srccitea>Tele Atlas Dynamap/ZIP Code</srccitea>
				<srccontr>Attribute and geospatial data</srccontr>
			</srcinfo>
			<srcinfo>
				<srccite>
					<citeinfo>
						<origin>Environmental Systems Research Institute (Redlands, Calif.)</origin>
						<pubdate>20070606</pubdate>
						<title>ESRI Community Data</title>
						<edition>2007</edition>
						<geoform>tabular digital data</geoform>
						<serinfo>
							<sername>ESRI Community? Data</sername>
							<issue>2007</issue>
						</serinfo>
						<pubinfo>
							<pubplace>Redlands, California, USA</pubplace>
							<publish>ESRI</publish>
						</pubinfo>
						<othercit>Provides the POP2007 attribute.</othercit>
						<onlink>http://www.esri.com</onlink>
					</citeinfo>
				</srccite>
				<typesrc>DVD-ROM</typesrc>
				<srctime>
					<timeinfo>
						<sngdate>
							<caldate>20070606</caldate>
						</sngdate>
					</timeinfo>
					<srccurr>publication date</srccurr>
				</srctime>
				<srccitea>ESRI Community Data</srccitea>
				<srccontr>Attribute data</srccontr>
			</srcinfo>
			<procstep>
				<procdesc>Delivery-Based CentroidsOftentimes the distribution of postal deliveries is not evenly spread across a 5-digit ZIP code area, but is concentrated in one corner of the polygon. Delivery-based centroids were developed to express the actual distribution of deliveries within a ZIP code polygon. Delivery-based centroids may be thought of as a "delivery" weighted centroid. When delivery information is unavailable for particular ZIP code polygon, the Tele Atlas Delivery-based centroid will show the geographic centroid.Point ZIP CodesThere are many 5-digit ZIP Codes that have no area and are represented as points rather than polygons. These ZIP Codes appear as dots on a map with no area and, therefore, no boundaries. These ZIP Codes have no geographic extent defined in terms of street segments, or that correspond to geography not defined in any Postal Service data files. Examples of point ZIP Codes include Post Office box ZIP Codes, RPOs and Unique ZIP Codes (single site, building or organization).</procdesc>
				<srcprod>Tele Atlas Dynamap/ZIP Code</srcprod>
			</procstep>
			<procstep>
				<procdesc>The following steps were performed by ESRI: Extracted data set from Tele Atlas Dynamap/ZIP Code Boundary &amp; Inventory Files v. 15.0.  Removed unnecessary attributes and reformatted the rest.  Added attributes POP2007, POP07_SQMI, and SQMI by joining to 2007 U.S. ZIP Code Areas (Five-Digit) and calculated their values to "-99" where there were no matches.  In cases where there are two points for a ZIP Code because it falls in two states, calculated their values to "-99" in attributes POP2007, POP07_SQMI, and SQMI for the point in the state with the smallest area.  Converted the data set to SDC.  Created ArcGIS layer file (.lyr), projection file (.prj), and spatial indices.</procdesc>
				<srcused>Tele Atlas Dynamap/ZIP Code</srcused>
				<srcused>ESRI Community Data</srcused>
				<procdate>20070730</procdate>
			</procstep>
			<procstep>
				<procdesc>This layer was originally downloaded from the ESRI Data and Maps 2007 Data Update DVD.  The file was stored in an SDC (Smart Data Compression) format on the DVD.  ArcCatalog 9.2 was utilized to export the SDC file into an ArcSDE 9.1 database using the "Feature Class to Feature Class" export tool.</procdesc>
				<srcused>SDC</srcused>
				<procdate>200712</procdate>
				<srcprod>Shape</srcprod>
				<proccont>
					<cntinfo>
						<cntorgp>
							<cntorg>Harvard Geospatial Library</cntorg>
						</cntorgp>
						<cntpos>GIS Technician</cntpos>
						<cntaddr>
							<addrtype>mailing and physical address</addrtype>
							<address>Office for Information Systems</address>
							<address>Harvard University Library</address>
							<address>90 Mount Auburn Street</address>
							<city>Cambridge</city>
							<state>MA</state>
							<postal>02138</postal>
							<country>USA</country>
						</cntaddr>
						<cntvoice>617-495-2417</cntvoice>
						<cntfax>617-496-0440</cntfax>
						<cntemail>hgl_ref@hulmail.harvard.edu</cntemail>
						<hours>Monday - Friday, 9:00 am - 4:00 pm EST-USA</hours>
					</cntinfo>
				</proccont>
			</procstep>
		</lineage>
	</dataqual>
	<spdoinfo>
		<direct>Vector</direct>
		<ptvctinf>
			<sdtsterm>
				<sdtstype>Entity point</sdtstype>
				<ptvctcnt>41358</ptvctcnt>
			</sdtsterm>
		</ptvctinf>
	</spdoinfo>
	<spref>
		<horizsys>
			<geograph>
				<latres>0.000001</latres>
				<longres>0.000001</longres>
				<geogunit>Decimal degrees</geogunit>
			</geograph>
			<geodetic>
				<horizdn>D_WGS_1984</horizdn>
				<ellips>WGS_1984</ellips>
				<semiaxis>6378137.000000</semiaxis>
				<denflat>298.257224</denflat>
			</geodetic>
		</horizsys>
	</spref>
	<eainfo>
		<detailed>
			<enttyp>
				<enttypl>ESRI07uszip_usa</enttypl>
				<enttypd>The points represent areas where mail is delivered (from a city block or two to a whole rural town), Residential Post Office locations, Post Office box ZIP Codes, and unique ZIP Codes (single site, building or organization) within United States.</enttypd>
				<enttypds>Tele Atlas North America, Inc.</enttypds>
			</enttyp>
			<attr>
				<attrlabl>OBJECTID</attrlabl>
				<attrdef>Internal feature number.</attrdef>
				<attrdefs>ESRI</attrdefs>
				<attrdomv>
					<udom>Sequential unique whole numbers that are automatically generated.</udom>
				</attrdomv>
			</attr>
			<attr>
				<attrlabl>ZIP</attrlabl>
				<attrdef>The five-digit number used by the postal service to identify a location where mail is delivered.</attrdef>
				<attrdefs>United States Postal Service</attrdefs>
				<attrdomv>
					<codesetd>
						<codesetn>USPS National 5-Digit ZIP and Post Office Directory</codesetn>
						<codesets>United States Postal Service</codesets>
					</codesetd>
				</attrdomv>
			</attr>
			<attr>
				<attrlabl>ENC_ZIP</attrlabl>
				<attrdef>The five-digit ZIP Code of the area that encloses a ZIP Code point (if present) which has no geographic extent defined in terms of street segments, or which corresponds to geography not defined in any Postal Service data files.</attrdef>
				<attrdefs>Tele Atlas North America, Inc.</attrdefs>
				<attrdomv>
					<codesetd>
						<codesetn>USPS National 5-Digit ZIP and Post Office Directory</codesetn>
						<codesets>United States Postal Service</codesets>
					</codesetd>
				</attrdomv>
			</attr>
			<attr>
				<attrlabl>STATE</attrlabl>
				<attrdef>The two-letter abbreviation for the state in which the ZIP Code point is located.</attrdef>
				<attrdefs>United States Postal Service</attrdefs>
				<attrdomv>
					<codesetd>
						<codesetn>USPS City/State File</codesetn>
						<codesets>United States Postal Service</codesets>
					</codesetd>
				</attrdomv>
			</attr>
			<attr>
				<attrlabl>PO_NAME</attrlabl>
				<attrdef>The post office name.</attrdef>
				<attrdefs>United States Postal Service</attrdefs>
				<attrdomv>
					<codesetd>
						<codesetn>USPS National 5-Digit ZIP and Post Office Directory</codesetn>
						<codesets>United States Postal Service</codesets>
					</codesetd>
				</attrdomv>
			</attr>
			<attr>
				<attrlabl>NAMETYPE</attrlabl>
				<attrdef>The type of post office facility.</attrdef>
				<attrdefs>United States Postal Service</attrdefs>
				<attrdomv>
					<codesetd>
						<codesetn>USPS City/State File</codesetn>
						<codesets>United States Postal Service</codesets>
					</codesetd>
				</attrdomv>
			</attr>
			<attr>
				<attrlabl>CTY1FIPS</attrlabl>
				<attrdef>The FIPS code for the first county in which the ZIP Code is located.</attrdef>
				<attrdefs>Department of Commerce, National Institute of Standards and Technology</attrdefs>
				<attrdomv>
					<codesetd>
						<codesetn>Federal Information Processing Standards</codesetn>
						<codesets>National Institute of Standards and Technology</codesets>
					</codesetd>
				</attrdomv>
			</attr>
			<attr>
				<attrlabl>CTY2FIPS</attrlabl>
				<attrdef>The FIPS code for the second county in which the ZIP Code is located.</attrdef>
				<attrdefs>Department of Commerce, National Institute of Standards and Technology</attrdefs>
				<attrdomv>
					<codesetd>
						<codesetn>Federal Information Processing Standards</codesetn>
						<codesets>National Institute of Standards and Technology</codesets>
					</codesetd>
				</attrdomv>
			</attr>
			<attr>
				<attrlabl>CTY3FIPS</attrlabl>
				<attrdef>The FIPS code for the third county in which the ZIP Code is located.</attrdef>
				<attrdefs>Department of Commerce, National Institute of Standards and Technology</attrdefs>
				<attrdomv>
					<codesetd>
						<codesetn>Federal Information Processing Standards</codesetn>
						<codesets>National Institute of Standards and Technology</codesets>
					</codesetd>
				</attrdomv>
			</attr>
			<attr>
				<attrlabl>RPO_FLAG</attrlabl>
				<attrdef>The Residential Post Office (post office with mostly residential post office box customers) indicator.</attrdef>
				<attrdefs>United States Postal Service</attrdefs>
				<attrdomv>
					<edom>
						<edomv>R</edomv>
						<edomvd>This ZIP Code is a Residential Post Office.</edomvd>
						<edomvds>Tele Atlas North America, Inc.</edomvds>
					</edom>
					<edom>
						<edomv>(blank)</edomv>
						<edomvd>This ZIP Code is not a Residential Post Office.</edomvd>
						<edomvds>Tele Atlas North America, Inc.</edomvds>
					</edom>
				</attrdomv>
			</attr>
			<attr>
				<attrlabl>ZIP_TYPE</attrlabl>
				<attrdef>The type of ZIP Code.</attrdef>
				<attrdefs>United States Postal Service</attrdefs>
				<attrdomv>
					<codesetd>
						<codesetn>USPS City/State File</codesetn>
						<codesets>United States Postal Service</codesets>
					</codesetd>
				</attrdomv>
			</attr>
			<attr>
				<attrlabl>POP2007</attrlabl>
				<attrdef>The 2007 estimated population of the ZIP Code area the point is based on.</attrdef>
				<attrdefs>ESRI</attrdefs>
				<attrdomv>
					<udom>Populations for the features.</udom>
				</attrdomv>
				<attrdomv>
					<edom>
						<edomv>-99</edomv>
						<edomvd>Data not available.</edomvd>
						<edomvds>ESRI</edomvds>
					</edom>
				</attrdomv>
			</attr>
			<attr>
				<attrlabl>POP07_SQMI</attrlabl>
				<attrdef>The 2007 estimated population per square mile of the ZIP Code area the point is based on.</attrdef>
				<attrdefs>ESRI</attrdefs>
				<attrdomv>
					<udom>Calculated populations per square mile for the features.</udom>
				</attrdomv>
				<attrdomv>
					<edom>
						<edomv>-99</edomv>
						<edomvd>Data not available.</edomvd>
						<edomvds>ESRI</edomvds>
					</edom>
				</attrdomv>
			</attr>
			<attr>
				<attrlabl>SQMI</attrlabl>
				<attrdef>The area of the ZIP Code area the point is based on in square miles using Albers Equal Area Projection.</attrdef>
				<attrdefs>ESRI</attrdefs>
				<attrdomv>
					<udom>Calculated areas for the features.</udom>
				</attrdomv>
				<attrdomv>
					<edom>
						<edomv>-99</edomv>
						<edomvd>Data not available.</edomvd>
						<edomvds>ESRI</edomvds>
					</edom>
				</attrdomv>
			</attr>
			<attr>
				<attrlabl>Shape</attrlabl>
				<attrdef>Feature geometry.</attrdef>
				<attrdefs>ESRI</attrdefs>
				<attrdomv>
					<udom>Coordinates defining the features.</udom>
				</attrdomv>
			</attr>
		</detailed>
	</eainfo>
	<distinfo>
		<distrib>
			<cntinfo>
				<cntorgp>
					<cntorg>Harvard Geospatial Library</cntorg>
				</cntorgp>
				<cntaddr>
					<addrtype>mailing and physical address</addrtype>
					<address>Harvard University Library</address>
					<address>Office For Information Systems</address>
					<address>90 Mount Auburn Street</address>
					<city>Cambridge</city>
					<state>MA</state>
					<postal>02138</postal>
					<country>USA</country>
				</cntaddr>
				<cntvoice>617-495-2417</cntvoice>
				<cntfax>617-496-0440</cntfax>
				<cntemail>hgl_ref@hulmail.harvard.edu</cntemail>
				<hours>Monday - Friday, 9:00 am - 4:00 pm EST-USA</hours>
			</cntinfo>
		</distrib>
		<resdesc>Downloadable Data</resdesc>
		<distliab>See use constraints.  Although this data is being distributed by Harvard University, no warranty expressed or implied is made by the University as to the accuracy of the data and related materials. The act of distribution shall not constitute any such warranty, and no responsibility is assumed by the University in the use of this data, or related materials.</distliab>
		<stdorder>
			<digform>
				<digtinfo>
					<formname>Shapefile</formname>
					<filedec>ZIP</filedec>
				</digtinfo>
				<digtopt>
					<onlinopt>
						<computer>
							<networka>
								<networkr>http://hgl.harvard.edu</networkr>
							</networka>
						</computer>
					</onlinopt>
				</digtopt>
			</digform>
			<fees>None; See also use constraints.</fees>
			<ordering>Web-based distribution only.</ordering>
		</stdorder>
		<techpreq>To use this data requires software that supports ArcView(r) GIS shapefiles.</techpreq>
	</distinfo>
	<metainfo>
		<metd>20080212</metd>
		<metc>
			<cntinfo>
				<cntorgp>
					<cntorg>Harvard Geospatial Library</cntorg>
				</cntorgp>
				<cntpos>Geospatial Resources Cataloger</cntpos>
				<cntaddr>
					<addrtype>mailing and physical address</addrtype>
					<address>Harvard University Library</address>
					<address>Office For Information Systems</address>
					<address>90 Mount Auburn Street</address>
					<city>Cambridge</city>
					<state>MA</state>
					<postal>02138</postal>
					<country>USA</country>
				</cntaddr>
				<cntvoice>617-495-2417</cntvoice>
				<cntfax>617-496-0440</cntfax>
				<cntemail>hgl_ref@hulmail.harvard.edu</cntemail>
				<hours>Monday - Friday, 9:00 am - 4:00 pm EST-USA</hours>
			</cntinfo>
		</metc>
		<metstdn>FGDC Content Standards for Digital Geospatial Metadata</metstdn>
		<metstdv>FGDC-STD-001-1998</metstdv>
		<mettc>local time</mettc>
	</metainfo>
	<Esri><CreaDate>20180713</CreaDate><CreaTime>10490300</CreaTime><SyncOnce>TRUE</SyncOnce><DataProperties><itemProps><itemLocation><linkage Sync="TRUE">file://\\HSPH-J0YLPH2\C$\Users\fem728\Downloads\ESRI_Data_Maps\2007\zip\point\ESRI07USZIP5_POINT_WGS84</linkage><protocol Sync="TRUE">Local Area Network</protocol></itemLocation></itemProps><copyHistory><copy source="C:\Users\fem728\Downloads\ESRI_Data_Maps\zip\point\ESRI07USZIP5_POINT_WGS84" dest="\\HSPH-J0YLPH2\C$\Users\fem728\Downloads\ESRI_Data_Maps\2007\zip\point\ESRI07USZIP5_POINT_WGS84" date="20180712" time="16560300"></copy></copyHistory></DataProperties><ArcGISFormat>1.0</ArcGISFormat></Esri></metadata>
